"Achtung, die Bumpscosity ist erschreckend hoch!",,
"Achtung, es ist keine Bumpscosity vorhanden!",,
"Asoziales Netzwerk, K√§nguru-Chroniken",,
"Asoziales Netzwerk, K√§nguru-Chroniken, ",,
"Asoziales Netzwerk, K√§nguru-Chroniken, asozial, Asoziales, Netzwerk",,
"Asoziales Netzwerk, K√§nguru-Chroniken, Einstellungen, Config, Settings",,
"Asoziales Netzwerk, K√§nguru-Chroniken, falsch, zugeordnet, Zitate, Witzig, K√§nguru, Marc-Uwe Kling, falsche Zitate, falsch zugeordnete Zitate",,
"Asoziales Netzwerk, K√§nguru-Chroniken, Kontakt, Formular",,
"Asoziales Netzwerk, K√§nguru-Chroniken, Soundboard, K√§nguru, Witzig, Spr√ºche",,
"Asoziales Netzwerk, K√§nguru-Chroniken, Tr√∂t, Mastodon, Toot",,
"Asoziales Netzwerk, K√§nguru-Chroniken, Uptime, Betriebszeit, Zeit",,
"Asoziales Netzwerk, K√§nguru-Chroniken, vertauschte, W√∂rter, witzig, K√§nguru",,
"Da diese Seite die Comics direkt von zeit.de holt, ben√∂tigt sie Javascript. Sorry :(",,
"¬ªDas Endergebnis ist: Wir wissen erstaunlich wenig, und doch ist es erstaunlich, dass wir √ºberhaupt so viel wissen, und noch erstaunlicher, dass so wenig Wissen uns so viel Macht geben kann.¬´ - Donald Trump",,
"Der Survival-Minceraft-Server des Asozialen Netzwerks funktioniert auch ohne einen Minceraft-Account und hat daf√ºr eine Integration mit ely.by, damit auch Spieler, die ihren Minceraft-Account nicht verraten m√∂chten, einen eigenen Skin nutzen k√∂nnen.",,
"Der Text, dessen W√∂rter vertauscht werden sollen",,
"Die auf dieser Seite pr√§sentierten Informationen sind nicht notwendigerweise korrekt. Wenn Du einen Fehler gefunden hast, kontaktiere uns bitte. Danke :)",,
"Die Dauer, die die Webseite am St√ºck in Betrieb ist",,
"Diese Seite nutzt √ºbrigens einen Cookie %s, um zu speichern, welche Zitate du bewertet hast.",,
"Ein Browser-Plugin, welches W√∂rter vertauscht",,
"Eine Seite, die W√∂rter vertauscht",,
"Eine Webseite, die L√∂sungen f√ºr Galgenm√§nnchen findet",,
"Eingabe (Nutze ""_"" f√ºr nicht bekannte Buchstaben)",,
"Falsch zugeordnete Zitate sind wie Physik, unn√∂tig aber einfach witzig.",,
"Ja, ich bin mir sicher",,
"K√§nguru-Comics von Zeit Online, Marc-Uwe Kling und Bernd Kissel",,
"Nicht gesendet, da du zu schnell warst.",,
"Nutze mehr JS, um die Seite dynamischer zu machen (experimentell)",,
"Wenn dein Browser JavaScript unterst√ºtzt (und es aktiviert ist), kannst du die Seite mit <span id=""wasd"">WASD</span> navigieren.",,
"Wenn du Discord nicht verwenden m√∂chtest, kannst du auch Matrix nutzen, da bei uns alle Nachrichten gebridget werden. Dies kannst du zum Beispiel √ºber %s tun.",,
"Witzige, aber falsch zugeordnete Zitate",,
%d/%d passenden W√∂rter:,,
¬ª%s¬´,,
/quote wurde nicht gefunden.,,
1.15.2 (1.7-1.19 wird unterst√ºtzt),,
Absenden,,
Aktiviere Einstellungen f√ºr Experten,,
Aktualisiere die Eingabe.,,
Aktueller Comic,,
Aktueller Comic:,,
Alle API-Endpunkte unserer Webseite,,
Alle,,
Als SVGs (funktioniert),,
Als Text:,,
Alte Comics:,,
API-Endpunkte,,
April,,
asozial.org,,
Asoziale Webseite,,
Asozialer Chat,,
Asoziales Netzwerk,,
Asoziales Wiki,,
Asoziales¬†Netzwerk: Sektion¬†GitHub,,
August,,
Ausgabe:,,
Ausgew√§hlte Daten einreichen,,
Autor-Info,,
Autor-Informationen,,
Autor: %s,,
√úber Zitate beschweren,,
Betreff,,
Betriebszeit,,
Bewerte das Zitat als nicht witzig!,,
Bewerte das Zitat als witzig!,,
Bewertet,,
Bumpscosity,,
D-Mark:,,
Das Asoziale Netzwerk hat auch einen XMPP-Server.,,
Das Asoziale Netzwerk,,
Das falsche Zitat %s hat ein Problem,,
Das Soundboard mit Sortierung nach Personen,,
Das Zitat des Tages,,
Deaktiviere Inhalte von Drittanbietern,,
Deaktiviert,,
December,,
Dein Name (Optional)! Dieser Name wird an %s weitergeleitet.,,
Deine IP-Adresse ist %s %s,,
Der Matrix-Heimserver des Asozialen Netzwerks ist zuverl√§ssig und nutzt im Gegensatz zu den meisten anderen Servern Dendrite anstatt Synapse. Die Erstellung eines Accounts ist 100% kostenlos und ohne E-Mail-Adresse oder Telefonnummer m√∂glich.,,
Der SuperTuxKart-Server des Asozialen Netzwerks ist durchgehend online.,,
Der Zitate-Generator,,
Der/die richtige Autor/-in dieses Zitats ist vermutlich ‚Äû%s‚Äú.,,
Deutsch (Grundformen) ohne Umlaute,,
Deutsch (Grundformen),,
Deutsch ohne Umlaute,,
Deutsch,,
Die aktuelle Version der Webseite,,
Die Bewertung des Zitats,,
Die Buchstaben im Eingabefeld k√∂nnen auch an anderen Stellen erneut auftauchen.,,
Die Bumpscosity ist echt angenehm.,,
Die Hauptseite der Webseite,,
Die Regeln nach denen vertauscht werden sollen,,
Die tolle Webseite des Asozialen Netzwerks,,
Diese Webseite l√§uft bereits %s,,
Discord,,
Discord-Einladung,,
Domain,,
Downloade das Zitat als Bild.,,
Durchsuche das Soundboard,,
E-Mail-Adresse,,
Ein üÜíer Chat,,
Ein Server-Fehler ist aufgetreten.,,
Ein Soundboard mit coolen Spr√ºchen und Sounds aus den K√§nguru-Chroniken,,
Ein W√§hrungsrechner f√ºr teilweise veraltete deutsche W√§hrungen,,
Ein Wiki mit Sachen des Asozialen Netzwerkes,,
Eine permanente Einladung zu unserer Discord-Gilde,,
Eingabe!,,
Eingabe,,
Einstellungen,,
ejabberd,,
Emoji-Chat,,
Englisch,,
Erfahre deine IP-Adresse,,
Erfolgreich gesendet.,,
Erstelle witzige falsch zugeordnete Zitate,,
Euro:,,
Falsch zugeordnete Zitate mit ‚ÄûAbraham Lincoln‚Äú als Autor.,,
Falsch zugeordnete Zitate,,
Falsche Buchstaben,,
Falsche Zitate,,
Falsche Zitate:,,
Falsche-Zitate-Ersteller,,
Falscher Autor,,
February,,
Fehler bei,,
Filtere das n√§chste Zitate,,
Friday,,
Gebe einen witzigen Text ein.,,
Gefundene Seiten:,,
Gehe zum n√§chsten Zitat.,,
Hangman-L√∂ser,,
Hauptseite,,
Host-Informationen,,
Howost-Infowmationyen,,
Informationen √ºber den Host-Server dieser Webseite,,
Informationen √ºber die Lizenzen der JavaScript-Dateien auf dieser Seite,,
Infowmationyen √ºbew den Howost-Sewvew diesew W-Webseite,,
Installations-Guide,,
IP-Informationen,,
January,,
JavaScript ist aktuell <noscript>nicht</noscript> aktiviert.,,
JavaScript-Lizenzen,,
Jeden Tag ein anderes Zitat,,
Jeden Tag wird hier ein witziges falsches Zitat hinzugef√ºgt.,,
July,,
June,,
Karte,,
Klever,,
K√§nguru-Comics,,
K√§nguru-Soundboard,,
KONTAKT,,
Kontakt-Formular,,
Kreuzwortr√§tselmodus,,
Lade Inhalte von Zeit Online,,
Lade mehr Comics!,,
Lasse falsch zugeordnete Zitate generieren,,
Links zu Zitaten,,
Liste von coolen Services des Asozialen Netzwerks,,
Lizenz,,
LOLWUT,,
LOLWUT; pr√§sentiert von Redis,,
March,,
Mastodon-Instanz,,
Matrix-Client,,
Matrix-Heimserver,,
Matrix-Web-Client basierend auf Element,,
Maximale Wortanzahl,,
May,,
Melde das Zitat.,,
Melde Fehler,,
Methoden,,
M√∂gliche Buchstaben:,,
M√∂gliche Inhalts-Typen,,
Minceraft-Server,,
minceraft.asozial.org,,
Mit dem Syncplay-Server des Asozialen Netzwerks kann man Online zusammen Sachen gucken.,,
Mit Liebe gebacken,,
Monday,,
Nachricht (erforderlich),,
Name,,
Nehme mit dem Betreiber der Webseite Kontakt auf.,,
netcup √ñkostrom,,
Neues Zitat hinzuf√ºgen,,
Nicht witzig,,
Nichts gefunden.,,
Not Found,,
November,,
Nutze coole Emojis von OpenMoji,,
October,,
Ostmark auf dem Schwarzmarkt:,,
Ostmark:,,
Pfad,,
Plugin,,
Quelle: %s (Stand: %s),,
Rating:,,
Richtiger Autor,,
RSS-Feed,,
Saturday,,
Seite zum Durchsuchen der Webseite,,
September,,
Service-Liste,,
Skript,,
Software,,
Soundboard,,
Soundboard-Personen,,
Soundboard-Suche,,
Speicher in Cookies %s (empfohlen),,
Speichere die eingegebene Instanz in einem Cookie,,
Speichere Instanz,,
Speichern,,
Sprache der W√∂rter,,
¬ªSp√§testens nach 3 Tagen wird Sch√∂nheit genauso langweilig wie Tugend.¬´ - Abraham Lincoln,,
Stelle wichtige Sachen ein,,
Suche,,
Suche:,,
Sunday,,
SuperTuxKart-Download,,
SuperTuxKart-Server,,
Syncplay-Server,,
syncplay.asozial.org:8999,,
Teile auf Facebook,,
Teile auf Mastodon,,
Teile auf Pinterest,,
Teile auf Reddit,,
Teile auf Telegram,,
Teile auf Twitter,,
Teile auf WhatsApp,,
Teile √ºber E-Mail,,
Teile das Zitat,,
Text zum Tr√∂ten,,
Thema,,
Thursday,,
Tr√∂t!,,
Tr√∂te witzige Sachen in die Welt,,
Tr√∂ter,,
Tuesday,,
Unbewertet,,
Unterseiten,,
Verf√ºgbarkeit: %s¬†%%,,
Verf√ºgbarkeits-Tortendiagramm,,
Version,,
Versions-Informationen,,
Vertauschte W√∂rter,,
Wednesday,,
Weiterleitung,,
Weiterleitungsseite,,
W√§hrungsrechner,,
Wie viele W√∂rter maximal angezeigt werden d√ºrfen.,,
Willst du wirklich <strong>%s</strong> √∂ffnen? F√ºr die Inhalte auf fremden Seiten k√∂nnen wir keine Garantie bieten. Weitergehen ist auf eigene Gefahr.,,
Wir sind √ºbrigens auch √ºber das Tor-Netzwerk erreichbar:,,
Witzig,,
Witzige Zitate,,
XMPP-Server,,
Zeige Bewertung,,
Zitat des Tages,,
Zitat downloaden,,
Zitat erstellen,,
Zitat hinzuf√ºgen,,
Zitat melden,,
Zitat teilen,,
Zitat,,
Zitate beeinflussen,,
Zitate erstellen,,
Zitate-Generator,,
Zuf√§llige Zitate,,
Zum Inhalt springen.,,
Zur√ºcksetzen,,
